
    [
        {
            "date": "2014-01-08",
            "value": 500
        },
        {
            "date": "2014-01-09",
            "value": 500
        },
        {
            "date": "2014-01-10",
            "value": 400
        },
        {
            "date": "2014-02-12",
            "value": 500
        },
        {
            "date": "2014-02-13",
            "value": 100
        },
        {
            "date": "2014-02-14",
            "value": 120
        },
        {
            "date": "2014-02-15",
            "value": 30
        },
        {
            "date": "2014-02-16",
            "value": 300
        },
        {
            "date": "2014-02-17",
            "value": 200
        }
    ]
