[
    {
        "measure": 43.34, 
        "subject": 32.0
    }, 
    {
        "measure": 53.3423, 
        "subject": 20.27860065952477
    }, 
    {
        "measure": -10.343, 
        "subject": 12.426109787612926
    }, 
    {
        "measure": -1, 
        "subject": -1.699256257379318
    }, 
    {
        "measure": 10, 
        "subject": -10.019134369994354
    }, 
    {
        "measure": 25, 
        "subject": -21.59885296861614
    }, 
    {
        "measure": -20.343, 
        "subject": -31.867314787877127
    }
]